@@,itemlabel,item,startdate,enddate
+++,S.L. Silam,Q7387634,1963-10-14,1968-10-13
+++,B.D. Jatti,,1968-10-14,1972-11-07
+++,Chhedilal ,Q5094865,1972-11-08,1976-08-29
+++,B.T. Kulkarni,Q104373158,1976-08-30,1980-10-31
+++,Ram Kishore Vyas,Q28935643,1980-11-01,1981-04-15
+++,Sri Sadiq Ali,Q7586241,1981-04-16,1981-07-26
+++,R.N. Haldipur,,1981-07-27,1982-05-14
+++,K.M. Chandy,Q6419212,1982-05-15,1983-08-05
+++,Kona Prabhakara Rao,Q3763821,1983-09-02,1984-06-17
+++,S.L. Khurana,Q7639211,1984-06-18,1984-09-30
+++,Tribhuvan Prasad Tewary,,1984-10-01,1988-06-21
+++,Ranjit Singh Dyal,Q7293171,1988-06-22,1990-02-19
+++,Chandrawati ,Q5071476,1990-02-19,1990-12-18
+++,Har Swarup Singh,,1990-12-19,1993-02-05
+++,Bishma Narain Singh,Q4901829,1993-02-06,1993-05-31
+++,Marri Channa Reddy,Q3764358,1993-05-31,1995-05-01
+++,Rajendra Kumari Bajpai,Q7285996,1995-05-02,1998-04-22
+++,Rajani Rai,Q7285739,1998-04-23,2002-07-29
+++,K. R. Malkani,Q1740296,2002-07-31,2003-10-27
+++,P.S. Rama Mohan Rao,Q7117515,2003-10-27,2004-01-05
+++,Nagendra Nath Jha,Q6958765,2004-01-05,2004-07-06
+++,M. M. Lakhera,Q6726424,2004-07-07,2006-07-18
+++,Mukut Mithi,Q5989347,2006-07-19,2008-03-12
+++,Bhopinder Singh,Q1898823,2008-03-15,2008-07-22
+++,Govind Singh Gurjar,Q5589856,2008-07-23,2009-04-06
+++,Surjit Singh Barnala,Q3534319,2009-04-09,2009-07-27
+++,Iqbal Singh,Q1898953,2009-07-27,2013-07-09
+++,Virendra Kataria,Q13590733,2013-07-10,2014-07-11
+++,A. K. Singh,Q13607928,2014-07-12,2016-05-26
+++,Kiran Bedi,Q2722085,2016-05-28,2021-02-16
+++,Tamilisai Soundararajan,Q17198781,2021-02-18,
